,count,unique,top,freq,mean,std,min,25%,50%,75%,max
customerID,7043,7043,3186-AJIEK,1,,,,,,,
gender,7043,2,Male,3555,,,,,,,
SeniorCitizen,7043.0,,,,0.1621468124378816,0.36861160561002687,0.0,0.0,0.0,0.0,1.0
Partner,7043,2,No,3641,,,,,,,
Dependents,7043,2,No,4933,,,,,,,
tenure,7043.0,,,,32.37114865824223,24.55948102309423,0.0,9.0,29.0,55.0,72.0
PhoneService,7043,2,Yes,6361,,,,,,,
MultipleLines,7043,3,No,3390,,,,,,,
InternetService,7043,3,Fiber optic,3096,,,,,,,
OnlineSecurity,7043,3,No,3498,,,,,,,
OnlineBackup,7043,3,No,3088,,,,,,,
DeviceProtection,7043,3,No,3095,,,,,,,
TechSupport,7043,3,No,3473,,,,,,,
StreamingTV,7043,3,No,2810,,,,,,,
StreamingMovies,7043,3,No,2785,,,,,,,
Contract,7043,3,Month-to-month,3875,,,,,,,
PaperlessBilling,7043,2,Yes,4171,,,,,,,
PaymentMethod,7043,4,Electronic check,2365,,,,,,,
MonthlyCharges,7043.0,,,,64.76169246059918,30.09004709767854,18.25,35.5,70.35,89.85,118.75
TotalCharges,7043,6531, ,11,,,,,,,
Churn,7043,2,No,5174,,,,,,,
