test_index,probability,top_features,recommended_actions,actual_churn
29,0.9963,nps;monthly_to_total_ratio;Contract_Month-to-month,Manual outreach from CS team;Investigate billing; offer prorated bill or credit;Offer 6-month discount + convert to 1-year plan,1
51,0.9963,nps;monthly_to_total_ratio;MonthlyCharges,Manual outreach from CS team;Investigate billing; offer prorated bill or credit;Offer price lock or tiered discount,1
1211,0.9963,nps;monthly_to_total_ratio;PaperlessBilling_No,Manual outreach from CS team;Investigate billing; offer prorated bill or credit;Offer personalized retention package,1
1117,0.9963,nps;monthly_to_total_ratio;Contract_Month-to-month,Manual outreach from CS team;Investigate billing; offer prorated bill or credit;Offer 6-month discount + convert to 1-year plan,1
947,0.9963,nps;monthly_to_total_ratio;MonthlyCharges,Manual outreach from CS team;Investigate billing; offer prorated bill or credit;Offer price lock or tiered discount,1
556,0.9963,nps;monthly_to_total_ratio;Contract_Month-to-month,Manual outreach from CS team;Investigate billing; offer prorated bill or credit;Offer 6-month discount + convert to 1-year plan,1
954,0.9963,nps;monthly_to_total_ratio;Contract_Month-to-month,Manual outreach from CS team;Investigate billing; offer prorated bill or credit;Offer 6-month discount + convert to 1-year plan,1
960,0.9963,nps;monthly_to_total_ratio;Contract_Month-to-month,Manual outreach from CS team;Investigate billing; offer prorated bill or credit;Offer 6-month discount + convert to 1-year plan,1
833,0.9963,nps;monthly_to_total_ratio;Contract_Month-to-month,Manual outreach from CS team;Investigate billing; offer prorated bill or credit;Offer 6-month discount + convert to 1-year plan,1
1118,0.9963,nps;monthly_to_total_ratio;MonthlyCharges,Manual outreach from CS team;Investigate billing; offer prorated bill or credit;Offer price lock or tiered discount,1
417,0.9963,nps;monthly_to_total_ratio;Contract_Month-to-month,Manual outreach from CS team;Investigate billing; offer prorated bill or credit;Offer 6-month discount + convert to 1-year plan,1
1197,0.9963,nps;monthly_to_total_ratio;Contract_Month-to-month,Manual outreach from CS team;Investigate billing; offer prorated bill or credit;Offer 6-month discount + convert to 1-year plan,1
412,0.9963,nps;monthly_to_total_ratio;PaperlessBilling_No,Manual outreach from CS team;Investigate billing; offer prorated bill or credit;Offer personalized retention package,1
1133,0.9963,nps;monthly_to_total_ratio;MonthlyCharges,Manual outreach from CS team;Investigate billing; offer prorated bill or credit;Offer price lock or tiered discount,1
488,0.9963,nps;monthly_to_total_ratio;Contract_Month-to-month,Manual outreach from CS team;Investigate billing; offer prorated bill or credit;Offer 6-month discount + convert to 1-year plan,1
510,0.9963,nps;monthly_to_total_ratio;Contract_Month-to-month,Manual outreach from CS team;Investigate billing; offer prorated bill or credit;Offer 6-month discount + convert to 1-year plan,1
828,0.9963,nps;monthly_to_total_ratio;Contract_Month-to-month,Manual outreach from CS team;Investigate billing; offer prorated bill or credit;Offer 6-month discount + convert to 1-year plan,1
1058,0.9963,nps;monthly_to_total_ratio;PaperlessBilling_No,Manual outreach from CS team;Investigate billing; offer prorated bill or credit;Offer personalized retention package,1
1286,0.9963,nps;monthly_to_total_ratio;PaperlessBilling_No,Manual outreach from CS team;Investigate billing; offer prorated bill or credit;Offer personalized retention package,1
1066,0.9963,nps;monthly_to_total_ratio;Contract_Month-to-month,Manual outreach from CS team;Investigate billing; offer prorated bill or credit;Offer 6-month discount + convert to 1-year plan,1
693,0.9963,nps;monthly_to_total_ratio;Contract_Month-to-month,Manual outreach from CS team;Investigate billing; offer prorated bill or credit;Offer 6-month discount + convert to 1-year plan,1
246,0.9963,nps;monthly_to_total_ratio;OnlineSecurity_No,Manual outreach from CS team;Investigate billing; offer prorated bill or credit;Offer personalized retention package,1
266,0.9963,nps;monthly_to_total_ratio;OnlineSecurity_No,Manual outreach from CS team;Investigate billing; offer prorated bill or credit;Offer personalized retention package,1
1267,0.9963,nps;monthly_to_total_ratio;PaperlessBilling_No,Manual outreach from CS team;Investigate billing; offer prorated bill or credit;Offer personalized retention package,1
774,0.9963,nps;monthly_to_total_ratio;Contract_Month-to-month,Manual outreach from CS team;Investigate billing; offer prorated bill or credit;Offer 6-month discount + convert to 1-year plan,1
319,0.9963,nps;monthly_to_total_ratio;Contract_Month-to-month,Manual outreach from CS team;Investigate billing; offer prorated bill or credit;Offer 6-month discount + convert to 1-year plan,1
987,0.9963,nps;monthly_to_total_ratio;Contract_Month-to-month,Manual outreach from CS team;Investigate billing; offer prorated bill or credit;Offer 6-month discount + convert to 1-year plan,1
627,0.9963,nps;monthly_to_total_ratio;MonthlyCharges,Manual outreach from CS team;Investigate billing; offer prorated bill or credit;Offer price lock or tiered discount,1
1270,0.9963,nps;monthly_to_total_ratio;Contract_Month-to-month,Manual outreach from CS team;Investigate billing; offer prorated bill or credit;Offer 6-month discount + convert to 1-year plan,1
1158,0.9963,nps;monthly_to_total_ratio;PaperlessBilling_No,Manual outreach from CS team;Investigate billing; offer prorated bill or credit;Offer personalized retention package,1
907,0.9963,nps;monthly_to_total_ratio;PaperlessBilling_No,Manual outreach from CS team;Investigate billing; offer prorated bill or credit;Offer personalized retention package,1
34,0.9963,nps;monthly_to_total_ratio;Contract_Month-to-month,Manual outreach from CS team;Investigate billing; offer prorated bill or credit;Offer 6-month discount + convert to 1-year plan,1
20,0.9963,nps;monthly_to_total_ratio;Contract_Month-to-month,Manual outreach from CS team;Investigate billing; offer prorated bill or credit;Offer 6-month discount + convert to 1-year plan,1
154,0.9963,nps;monthly_to_total_ratio;Contract_Month-to-month,Manual outreach from CS team;Investigate billing; offer prorated bill or credit;Offer 6-month discount + convert to 1-year plan,1
586,0.9963,nps;monthly_to_total_ratio;Contract_Month-to-month,Manual outreach from CS team;Investigate billing; offer prorated bill or credit;Offer 6-month discount + convert to 1-year plan,1
1088,0.9963,nps;monthly_to_total_ratio;Contract_Month-to-month,Manual outreach from CS team;Investigate billing; offer prorated bill or credit;Offer 6-month discount + convert to 1-year plan,1
630,0.9963,nps;MonthlyCharges;monthly_to_total_ratio,Manual outreach from CS team;Offer price lock or tiered discount;Investigate billing; offer prorated bill or credit,1
1127,0.9962,nps;MonthlyCharges;PaperlessBilling_No,Manual outreach from CS team;Offer price lock or tiered discount;Offer personalized retention package,1
542,0.9962,nps;monthly_to_total_ratio;PaperlessBilling_No,Manual outreach from CS team;Investigate billing; offer prorated bill or credit;Offer personalized retention package,1
1205,0.9962,nps;MonthlyCharges;Contract_Month-to-month,Manual outreach from CS team;Offer price lock or tiered discount;Offer 6-month discount + convert to 1-year plan,1
1221,0.9962,nps;monthly_to_total_ratio;MonthlyCharges,Manual outreach from CS team;Investigate billing; offer prorated bill or credit;Offer price lock or tiered discount,1
1188,0.9962,nps;MonthlyCharges;StreamingTV_Yes,Manual outreach from CS team;Offer price lock or tiered discount;Offer personalized retention package,1
408,0.9962,nps;MonthlyCharges;monthly_to_total_ratio,Manual outreach from CS team;Offer price lock or tiered discount;Investigate billing; offer prorated bill or credit,1
538,0.9962,nps;monthly_to_total_ratio;PaperlessBilling_No,Manual outreach from CS team;Investigate billing; offer prorated bill or credit;Offer personalized retention package,1
950,0.9962,nps;MonthlyCharges;monthly_to_total_ratio,Manual outreach from CS team;Offer price lock or tiered discount;Investigate billing; offer prorated bill or credit,1
121,0.9962,nps;monthly_to_total_ratio;PaperlessBilling_No,Manual outreach from CS team;Investigate billing; offer prorated bill or credit;Offer personalized retention package,1
568,0.9962,nps;MonthlyCharges;monthly_to_total_ratio,Manual outreach from CS team;Offer price lock or tiered discount;Investigate billing; offer prorated bill or credit,1
949,0.9962,nps;MonthlyCharges;monthly_to_total_ratio,Manual outreach from CS team;Offer price lock or tiered discount;Investigate billing; offer prorated bill or credit,1
1254,0.9962,nps;MonthlyCharges;PaperlessBilling_No,Manual outreach from CS team;Offer price lock or tiered discount;Offer personalized retention package,1
562,0.9962,nps;MonthlyCharges;Contract_Month-to-month,Manual outreach from CS team;Offer price lock or tiered discount;Offer 6-month discount + convert to 1-year plan,1
818,0.9962,nps;MonthlyCharges;monthly_to_total_ratio,Manual outreach from CS team;Offer price lock or tiered discount;Investigate billing; offer prorated bill or credit,1
561,0.9962,nps;monthly_to_total_ratio;PaperlessBilling_No,Manual outreach from CS team;Investigate billing; offer prorated bill or credit;Offer personalized retention package,1
349,0.9962,nps;MonthlyCharges;monthly_to_total_ratio,Manual outreach from CS team;Offer price lock or tiered discount;Investigate billing; offer prorated bill or credit,1
1090,0.9962,nps;monthly_to_total_ratio;MonthlyCharges,Manual outreach from CS team;Investigate billing; offer prorated bill or credit;Offer price lock or tiered discount,1
603,0.9962,nps;MonthlyCharges;monthly_to_total_ratio,Manual outreach from CS team;Offer price lock or tiered discount;Investigate billing; offer prorated bill or credit,1
593,0.9962,nps;MonthlyCharges;PaperlessBilling_No,Manual outreach from CS team;Offer price lock or tiered discount;Offer personalized retention package,1
1314,0.9962,nps;MonthlyCharges;monthly_to_total_ratio,Manual outreach from CS team;Offer price lock or tiered discount;Investigate billing; offer prorated bill or credit,1
783,0.9962,nps;monthly_to_total_ratio;PaperlessBilling_No,Manual outreach from CS team;Investigate billing; offer prorated bill or credit;Offer personalized retention package,1
771,0.9962,nps;monthly_to_total_ratio;PaperlessBilling_No,Manual outreach from CS team;Investigate billing; offer prorated bill or credit;Offer personalized retention package,1
613,0.9962,nps;MonthlyCharges;Contract_Month-to-month,Manual outreach from CS team;Offer price lock or tiered discount;Offer 6-month discount + convert to 1-year plan,1
1120,0.9962,nps;MonthlyCharges;monthly_to_total_ratio,Manual outreach from CS team;Offer price lock or tiered discount;Investigate billing; offer prorated bill or credit,1
1164,0.9962,nps;MonthlyCharges;StreamingTV_Yes,Manual outreach from CS team;Offer price lock or tiered discount;Offer personalized retention package,1
1163,0.9962,nps;MonthlyCharges;monthly_to_total_ratio,Manual outreach from CS team;Offer price lock or tiered discount;Investigate billing; offer prorated bill or credit,1
64,0.9962,nps;monthly_to_total_ratio;PaperlessBilling_No,Manual outreach from CS team;Investigate billing; offer prorated bill or credit;Offer personalized retention package,1
508,0.9962,nps;monthly_to_total_ratio;PaperlessBilling_No,Manual outreach from CS team;Investigate billing; offer prorated bill or credit;Offer personalized retention package,1
435,0.9962,nps;monthly_to_total_ratio;PaperlessBilling_No,Manual outreach from CS team;Investigate billing; offer prorated bill or credit;Offer personalized retention package,1
874,0.9962,nps;monthly_to_total_ratio;PaperlessBilling_No,Manual outreach from CS team;Investigate billing; offer prorated bill or credit;Offer personalized retention package,1
228,0.9962,nps;MonthlyCharges;monthly_to_total_ratio,Manual outreach from CS team;Offer price lock or tiered discount;Investigate billing; offer prorated bill or credit,1
674,0.9962,nps;MonthlyCharges;monthly_to_total_ratio,Manual outreach from CS team;Offer price lock or tiered discount;Investigate billing; offer prorated bill or credit,1
921,0.9962,nps;MonthlyCharges;monthly_to_total_ratio,Manual outreach from CS team;Offer price lock or tiered discount;Investigate billing; offer prorated bill or credit,1
245,0.9962,nps;MonthlyCharges;PaperlessBilling_No,Manual outreach from CS team;Offer price lock or tiered discount;Offer personalized retention package,1
254,0.9962,nps;monthly_to_total_ratio;PaperlessBilling_No,Manual outreach from CS team;Investigate billing; offer prorated bill or credit;Offer personalized retention package,1
744,0.9962,nps;monthly_to_total_ratio;PaperlessBilling_No,Manual outreach from CS team;Investigate billing; offer prorated bill or credit;Offer personalized retention package,1
1064,0.9962,nps;monthly_to_total_ratio;PaperlessBilling_No,Manual outreach from CS team;Investigate billing; offer prorated bill or credit;Offer personalized retention package,1
285,0.9962,nps;MonthlyCharges;StreamingTV_Yes,Manual outreach from CS team;Offer price lock or tiered discount;Offer personalized retention package,1
1045,0.9962,nps;Contract_Month-to-month;MonthlyCharges,Manual outreach from CS team;Offer 6-month discount + convert to 1-year plan;Offer price lock or tiered discount,1
1049,0.9962,nps;monthly_to_total_ratio;MonthlyCharges,Manual outreach from CS team;Investigate billing; offer prorated bill or credit;Offer price lock or tiered discount,1
27,0.9962,nps;MonthlyCharges;monthly_to_total_ratio,Manual outreach from CS team;Offer price lock or tiered discount;Investigate billing; offer prorated bill or credit,1
304,0.9962,nps;MonthlyCharges;StreamingTV_Yes,Manual outreach from CS team;Offer price lock or tiered discount;Offer personalized retention package,1
301,0.9962,nps;MonthlyCharges;monthly_to_total_ratio,Manual outreach from CS team;Offer price lock or tiered discount;Investigate billing; offer prorated bill or credit,1
896,0.9962,nps;MonthlyCharges;tenure,Manual outreach from CS team;Offer price lock or tiered discount;Early onboarding + personalized usage tips,1
1101,0.9962,nps;MonthlyCharges;monthly_to_total_ratio,Manual outreach from CS team;Offer price lock or tiered discount;Investigate billing; offer prorated bill or credit,1
1333,0.9962,nps;monthly_to_total_ratio;PaperlessBilling_No,Manual outreach from CS team;Investigate billing; offer prorated bill or credit;Offer personalized retention package,1
336,0.9962,nps;monthly_to_total_ratio;PaperlessBilling_No,Manual outreach from CS team;Investigate billing; offer prorated bill or credit;Offer personalized retention package,1
1007,0.9962,nps;MonthlyCharges;monthly_to_total_ratio,Manual outreach from CS team;Offer price lock or tiered discount;Investigate billing; offer prorated bill or credit,1
758,0.9962,nps;MonthlyCharges;Contract_Month-to-month,Manual outreach from CS team;Offer price lock or tiered discount;Offer 6-month discount + convert to 1-year plan,1
638,0.9962,nps;monthly_to_total_ratio;OnlineSecurity_No,Manual outreach from CS team;Investigate billing; offer prorated bill or credit;Offer personalized retention package,1
180,0.9962,nps;monthly_to_total_ratio;MonthlyCharges,Manual outreach from CS team;Investigate billing; offer prorated bill or credit;Offer price lock or tiered discount,1
183,0.9962,nps;monthly_to_total_ratio;PaperlessBilling_No,Manual outreach from CS team;Investigate billing; offer prorated bill or credit;Offer personalized retention package,1
601,0.9962,nps;MonthlyCharges;monthly_to_total_ratio,Manual outreach from CS team;Offer price lock or tiered discount;Investigate billing; offer prorated bill or credit,1
607,0.9962,nps;MonthlyCharges;monthly_to_total_ratio,Manual outreach from CS team;Offer price lock or tiered discount;Investigate billing; offer prorated bill or credit,1
710,0.9962,nps;monthly_to_total_ratio;MonthlyCharges,Manual outreach from CS team;Investigate billing; offer prorated bill or credit;Offer price lock or tiered discount,1
264,0.9962,nps;monthly_to_total_ratio;PaperlessBilling_No,Manual outreach from CS team;Investigate billing; offer prorated bill or credit;Offer personalized retention package,1
187,0.9961,nps;monthly_to_total_ratio;MonthlyCharges,Manual outreach from CS team;Investigate billing; offer prorated bill or credit;Offer price lock or tiered discount,1
278,0.9961,nps;monthly_to_total_ratio;Contract_Month-to-month,Manual outreach from CS team;Investigate billing; offer prorated bill or credit;Offer 6-month discount + convert to 1-year plan,1
594,0.9961,nps;monthly_to_total_ratio;Contract_Month-to-month,Manual outreach from CS team;Investigate billing; offer prorated bill or credit;Offer 6-month discount + convert to 1-year plan,1
813,0.9961,nps;monthly_to_total_ratio;Contract_Month-to-month,Manual outreach from CS team;Investigate billing; offer prorated bill or credit;Offer 6-month discount + convert to 1-year plan,1
1250,0.9961,nps;monthly_to_total_ratio;MonthlyCharges,Manual outreach from CS team;Investigate billing; offer prorated bill or credit;Offer price lock or tiered discount,1
38,0.9961,nps;monthly_to_total_ratio;Contract_Month-to-month,Manual outreach from CS team;Investigate billing; offer prorated bill or credit;Offer 6-month discount + convert to 1-year plan,1
910,0.9961,nps;MonthlyCharges;Contract_Month-to-month,Manual outreach from CS team;Offer price lock or tiered discount;Offer 6-month discount + convert to 1-year plan,1
1274,0.9961,nps;monthly_to_total_ratio;MonthlyCharges,Manual outreach from CS team;Investigate billing; offer prorated bill or credit;Offer price lock or tiered discount,1
234,0.9961,nps;monthly_to_total_ratio;Contract_Month-to-month,Manual outreach from CS team;Investigate billing; offer prorated bill or credit;Offer 6-month discount + convert to 1-year plan,1
1288,0.9961,nps;monthly_to_total_ratio;MonthlyCharges,Manual outreach from CS team;Investigate billing; offer prorated bill or credit;Offer price lock or tiered discount,1
276,0.9961,nps;monthly_to_total_ratio;Contract_Month-to-month,Manual outreach from CS team;Investigate billing; offer prorated bill or credit;Offer 6-month discount + convert to 1-year plan,1
687,0.9961,nps;Contract_Two year;Contract_Month-to-month,Manual outreach from CS team;Offer personalized retention package;Offer 6-month discount + convert to 1-year plan,1
1083,0.9961,nps;monthly_to_total_ratio;Contract_Month-to-month,Manual outreach from CS team;Investigate billing; offer prorated bill or credit;Offer 6-month discount + convert to 1-year plan,1
618,0.9961,nps;monthly_to_total_ratio;Contract_Month-to-month,Manual outreach from CS team;Investigate billing; offer prorated bill or credit;Offer 6-month discount + convert to 1-year plan,1
762,0.9961,nps;monthly_to_total_ratio;Contract_Month-to-month,Manual outreach from CS team;Investigate billing; offer prorated bill or credit;Offer 6-month discount + convert to 1-year plan,1
171,0.9961,nps;monthly_to_total_ratio;Contract_Month-to-month,Manual outreach from CS team;Investigate billing; offer prorated bill or credit;Offer 6-month discount + convert to 1-year plan,1
1259,0.9961,nps;monthly_to_total_ratio;Contract_Month-to-month,Manual outreach from CS team;Investigate billing; offer prorated bill or credit;Offer 6-month discount + convert to 1-year plan,1
1229,0.9961,nps;MonthlyCharges;monthly_to_total_ratio,Manual outreach from CS team;Offer price lock or tiered discount;Investigate billing; offer prorated bill or credit,1
875,0.9961,nps;MonthlyCharges;Contract_Month-to-month,Manual outreach from CS team;Offer price lock or tiered discount;Offer 6-month discount + convert to 1-year plan,1
940,0.9961,nps;monthly_to_total_ratio;Contract_Month-to-month,Manual outreach from CS team;Investigate billing; offer prorated bill or credit;Offer 6-month discount + convert to 1-year plan,1
872,0.9961,nps;monthly_to_total_ratio;MonthlyCharges,Manual outreach from CS team;Investigate billing; offer prorated bill or credit;Offer price lock or tiered discount,1
88,0.9961,nps;MonthlyCharges;monthly_to_total_ratio,Manual outreach from CS team;Offer price lock or tiered discount;Investigate billing; offer prorated bill or credit,1
69,0.9961,nps;monthly_to_total_ratio;Contract_Month-to-month,Manual outreach from CS team;Investigate billing; offer prorated bill or credit;Offer 6-month discount + convert to 1-year plan,1
66,0.9961,nps;monthly_to_total_ratio;MonthlyCharges,Manual outreach from CS team;Investigate billing; offer prorated bill or credit;Offer price lock or tiered discount,1
1388,0.9961,nps;monthly_to_total_ratio;MonthlyCharges,Manual outreach from CS team;Investigate billing; offer prorated bill or credit;Offer price lock or tiered discount,1
1151,0.9961,nps;monthly_to_total_ratio;MonthlyCharges,Manual outreach from CS team;Investigate billing; offer prorated bill or credit;Offer price lock or tiered discount,1
1137,0.9961,nps;monthly_to_total_ratio;PaperlessBilling_No,Manual outreach from CS team;Investigate billing; offer prorated bill or credit;Offer personalized retention package,1
1146,0.9961,nps;monthly_to_total_ratio;MonthlyCharges,Manual outreach from CS team;Investigate billing; offer prorated bill or credit;Offer price lock or tiered discount,1
1109,0.9961,nps;monthly_to_total_ratio;Contract_Month-to-month,Manual outreach from CS team;Investigate billing; offer prorated bill or credit;Offer 6-month discount + convert to 1-year plan,1
948,0.9961,nps;monthly_to_total_ratio;MonthlyCharges,Manual outreach from CS team;Investigate billing; offer prorated bill or credit;Offer price lock or tiered discount,1
389,0.9961,nps;MonthlyCharges;monthly_to_total_ratio,Manual outreach from CS team;Offer price lock or tiered discount;Investigate billing; offer prorated bill or credit,1
1116,0.9961,nps;monthly_to_total_ratio;Contract_Month-to-month,Manual outreach from CS team;Investigate billing; offer prorated bill or credit;Offer 6-month discount + convert to 1-year plan,1
116,0.9961,nps;monthly_to_total_ratio;MonthlyCharges,Manual outreach from CS team;Investigate billing; offer prorated bill or credit;Offer price lock or tiered discount,1
359,0.9961,nps;MonthlyCharges;monthly_to_total_ratio,Manual outreach from CS team;Offer price lock or tiered discount;Investigate billing; offer prorated bill or credit,1
749,0.9961,nps;monthly_to_total_ratio;Contract_Month-to-month,Manual outreach from CS team;Investigate billing; offer prorated bill or credit;Offer 6-month discount + convert to 1-year plan,1
1300,0.9961,nps;monthly_to_total_ratio;MonthlyCharges,Manual outreach from CS team;Investigate billing; offer prorated bill or credit;Offer price lock or tiered discount,1
344,0.9961,nps;monthly_to_total_ratio;Contract_Month-to-month,Manual outreach from CS team;Investigate billing; offer prorated bill or credit;Offer 6-month discount + convert to 1-year plan,1
829,0.9961,nps;MonthlyCharges;monthly_to_total_ratio,Manual outreach from CS team;Offer price lock or tiered discount;Investigate billing; offer prorated bill or credit,1
567,0.9961,nps;monthly_to_total_ratio;MonthlyCharges,Manual outreach from CS team;Investigate billing; offer prorated bill or credit;Offer price lock or tiered discount,1
411,0.996,nps;monthly_to_total_ratio;PaperlessBilling_No,Manual outreach from CS team;Investigate billing; offer prorated bill or credit;Offer personalized retention package,1
1366,0.996,nps;monthly_to_total_ratio;MonthlyCharges,Manual outreach from CS team;Investigate billing; offer prorated bill or credit;Offer price lock or tiered discount,1
406,0.996,nps;monthly_to_total_ratio;Contract_Month-to-month,Manual outreach from CS team;Investigate billing; offer prorated bill or credit;Offer 6-month discount + convert to 1-year plan,1
1181,0.996,nps;monthly_to_total_ratio;PaperlessBilling_No,Manual outreach from CS team;Investigate billing; offer prorated bill or credit;Offer personalized retention package,1
1186,0.996,nps;monthly_to_total_ratio;PaperlessBilling_No,Manual outreach from CS team;Investigate billing; offer prorated bill or credit;Offer personalized retention package,1
1160,0.996,nps;monthly_to_total_ratio;StreamingTV_Yes,Manual outreach from CS team;Investigate billing; offer prorated bill or credit;Offer personalized retention package,1
1150,0.996,nps;monthly_to_total_ratio;PaperlessBilling_No,Manual outreach from CS team;Investigate billing; offer prorated bill or credit;Offer personalized retention package,1
865,0.996,nps;monthly_to_total_ratio;MonthlyCharges,Manual outreach from CS team;Investigate billing; offer prorated bill or credit;Offer price lock or tiered discount,1
49,0.996,nps;monthly_to_total_ratio;PaperlessBilling_No,Manual outreach from CS team;Investigate billing; offer prorated bill or credit;Offer personalized retention package,1
894,0.996,nps;monthly_to_total_ratio;MonthlyCharges,Manual outreach from CS team;Investigate billing; offer prorated bill or credit;Offer price lock or tiered discount,1
1178,0.996,nps;monthly_to_total_ratio;MonthlyCharges,Manual outreach from CS team;Investigate billing; offer prorated bill or credit;Offer price lock or tiered discount,1
1173,0.996,nps;monthly_to_total_ratio;OnlineSecurity_No,Manual outreach from CS team;Investigate billing; offer prorated bill or credit;Offer personalized retention package,1
444,0.996,nps;monthly_to_total_ratio;MonthlyCharges,Manual outreach from CS team;Investigate billing; offer prorated bill or credit;Offer price lock or tiered discount,1
572,0.996,nps;PaperlessBilling_No;Contract_Month-to-month,Manual outreach from CS team;Offer personalized retention package;Offer 6-month discount + convert to 1-year plan,1
573,0.996,nps;monthly_to_total_ratio;MonthlyCharges,Manual outreach from CS team;Investigate billing; offer prorated bill or credit;Offer price lock or tiered discount,1
575,0.996,nps;monthly_to_total_ratio;MonthlyCharges,Manual outreach from CS team;Investigate billing; offer prorated bill or credit;Offer price lock or tiered discount,1
360,0.996,nps;monthly_to_total_ratio;MonthlyCharges,Manual outreach from CS team;Investigate billing; offer prorated bill or credit;Offer price lock or tiered discount,1
124,0.996,nps;monthly_to_total_ratio;MonthlyCharges,Manual outreach from CS team;Investigate billing; offer prorated bill or credit;Offer price lock or tiered discount,1
1223,0.996,nps;monthly_to_total_ratio;StreamingTV_Yes,Manual outreach from CS team;Investigate billing; offer prorated bill or credit;Offer personalized retention package,1
1224,0.996,nps;PaperlessBilling_No;Contract_Month-to-month,Manual outreach from CS team;Offer personalized retention package;Offer 6-month discount + convert to 1-year plan,1
114,0.996,nps;monthly_to_total_ratio;MonthlyCharges,Manual outreach from CS team;Investigate billing; offer prorated bill or credit;Offer price lock or tiered discount,1
386,0.996,nps;monthly_to_total_ratio;MonthlyCharges,Manual outreach from CS team;Investigate billing; offer prorated bill or credit;Offer price lock or tiered discount,1
399,0.996,nps;monthly_to_total_ratio;MonthlyCharges,Manual outreach from CS team;Investigate billing; offer prorated bill or credit;Offer price lock or tiered discount,1
557,0.996,nps;monthly_to_total_ratio;MonthlyCharges,Manual outreach from CS team;Investigate billing; offer prorated bill or credit;Offer price lock or tiered discount,1
370,0.996,nps;Contract_Month-to-month;MonthlyCharges,Manual outreach from CS team;Offer 6-month discount + convert to 1-year plan;Offer price lock or tiered discount,1
514,0.996,nps;monthly_to_total_ratio;Contract_Month-to-month,Manual outreach from CS team;Investigate billing; offer prorated bill or credit;Offer 6-month discount + convert to 1-year plan,1
65,0.996,nps;monthly_to_total_ratio;MonthlyCharges,Manual outreach from CS team;Investigate billing; offer prorated bill or credit;Offer price lock or tiered discount,1
82,0.996,nps;Contract_Month-to-month;MonthlyCharges,Manual outreach from CS team;Offer 6-month discount + convert to 1-year plan;Offer price lock or tiered discount,1
87,0.996,nps;monthly_to_total_ratio;PaperlessBilling_No,Manual outreach from CS team;Investigate billing; offer prorated bill or credit;Offer personalized retention package,1
418,0.996,nps;monthly_to_total_ratio;Contract_Month-to-month,Manual outreach from CS team;Investigate billing; offer prorated bill or credit;Offer 6-month discount + convert to 1-year plan,1
341,0.996,nps;monthly_to_total_ratio;MonthlyCharges,Manual outreach from CS team;Investigate billing; offer prorated bill or credit;Offer price lock or tiered discount,1
322,0.996,nps;monthly_to_total_ratio;PaperlessBilling_No,Manual outreach from CS team;Investigate billing; offer prorated bill or credit;Offer personalized retention package,1
343,0.996,nps;monthly_to_total_ratio;PaperlessBilling_No,Manual outreach from CS team;Investigate billing; offer prorated bill or credit;Offer personalized retention package,1
566,0.996,nps;monthly_to_total_ratio;PaperlessBilling_No,Manual outreach from CS team;Investigate billing; offer prorated bill or credit;Offer personalized retention package,1
98,0.996,nps;monthly_to_total_ratio;MonthlyCharges,Manual outreach from CS team;Investigate billing; offer prorated bill or credit;Offer price lock or tiered discount,1
1338,0.996,nps;monthly_to_total_ratio;MonthlyCharges,Manual outreach from CS team;Investigate billing; offer prorated bill or credit;Offer price lock or tiered discount,1
351,0.996,nps;Contract_Month-to-month;monthly_to_total_ratio,Manual outreach from CS team;Offer 6-month discount + convert to 1-year plan;Investigate billing; offer prorated bill or credit,1
173,0.996,nps;monthly_to_total_ratio;PaperlessBilling_No,Manual outreach from CS team;Investigate billing; offer prorated bill or credit;Offer personalized retention package,1
797,0.996,nps;monthly_to_total_ratio;MonthlyCharges,Manual outreach from CS team;Investigate billing; offer prorated bill or credit;Offer price lock or tiered discount,1
980,0.996,nps;monthly_to_total_ratio;MonthlyCharges,Manual outreach from CS team;Investigate billing; offer prorated bill or credit;Offer price lock or tiered discount,1
1247,0.996,nps;monthly_to_total_ratio;MonthlyCharges,Manual outreach from CS team;Investigate billing; offer prorated bill or credit;Offer price lock or tiered discount,1
157,0.996,nps;monthly_to_total_ratio;PaperlessBilling_No,Manual outreach from CS team;Investigate billing; offer prorated bill or credit;Offer personalized retention package,1
130,0.996,nps;monthly_to_total_ratio;PaperlessBilling_No,Manual outreach from CS team;Investigate billing; offer prorated bill or credit;Offer personalized retention package,1
816,0.996,nps;monthly_to_total_ratio;MonthlyCharges,Manual outreach from CS team;Investigate billing; offer prorated bill or credit;Offer price lock or tiered discount,1
966,0.996,nps;monthly_to_total_ratio;PaperlessBilling_No,Manual outreach from CS team;Investigate billing; offer prorated bill or credit;Offer personalized retention package,1
625,0.996,nps;monthly_to_total_ratio;PaperlessBilling_No,Manual outreach from CS team;Investigate billing; offer prorated bill or credit;Offer personalized retention package,1
776,0.996,nps;monthly_to_total_ratio;MonthlyCharges,Manual outreach from CS team;Investigate billing; offer prorated bill or credit;Offer price lock or tiered discount,1
1309,0.996,nps;MonthlyCharges;monthly_to_total_ratio,Manual outreach from CS team;Offer price lock or tiered discount;Investigate billing; offer prorated bill or credit,1
979,0.996,nps;monthly_to_total_ratio;MonthlyCharges,Manual outreach from CS team;Investigate billing; offer prorated bill or credit;Offer price lock or tiered discount,1
619,0.996,nps;monthly_to_total_ratio;PaperlessBilling_No,Manual outreach from CS team;Investigate billing; offer prorated bill or credit;Offer personalized retention package,1
1078,0.996,nps;monthly_to_total_ratio;MonthlyCharges,Manual outreach from CS team;Investigate billing; offer prorated bill or credit;Offer price lock or tiered discount,1
318,0.996,nps;monthly_to_total_ratio;MonthlyCharges,Manual outreach from CS team;Investigate billing; offer prorated bill or credit;Offer price lock or tiered discount,1
1233,0.996,nps;monthly_to_total_ratio;MonthlyCharges,Manual outreach from CS team;Investigate billing; offer prorated bill or credit;Offer price lock or tiered discount,1
1019,0.996,nps;monthly_to_total_ratio;PaperlessBilling_No,Manual outreach from CS team;Investigate billing; offer prorated bill or credit;Offer personalized retention package,1
740,0.996,nps;monthly_to_total_ratio;MonthlyCharges,Manual outreach from CS team;Investigate billing; offer prorated bill or credit;Offer price lock or tiered discount,1
1257,0.996,nps;monthly_to_total_ratio;MonthlyCharges,Manual outreach from CS team;Investigate billing; offer prorated bill or credit;Offer price lock or tiered discount,1
1252,0.996,nps;monthly_to_total_ratio;MonthlyCharges,Manual outreach from CS team;Investigate billing; offer prorated bill or credit;Offer price lock or tiered discount,1
996,0.996,nps;monthly_to_total_ratio;MonthlyCharges,Manual outreach from CS team;Investigate billing; offer prorated bill or credit;Offer price lock or tiered discount,1
647,0.996,nps;monthly_to_total_ratio;MonthlyCharges,Manual outreach from CS team;Investigate billing; offer prorated bill or credit;Offer price lock or tiered discount,1
1292,0.996,nps;monthly_to_total_ratio;PaperlessBilling_No,Manual outreach from CS team;Investigate billing; offer prorated bill or credit;Offer personalized retention package,1
1005,0.996,nps;PaperlessBilling_No;OnlineSecurity_No,Manual outreach from CS team;Offer personalized retention package;Offer personalized retention package,1
1024,0.996,nps;monthly_to_total_ratio;PaperlessBilling_No,Manual outreach from CS team;Investigate billing; offer prorated bill or credit;Offer personalized retention package,1
735,0.996,nps;monthly_to_total_ratio;MonthlyCharges,Manual outreach from CS team;Investigate billing; offer prorated bill or credit;Offer price lock or tiered discount,1
219,0.996,nps;monthly_to_total_ratio;MonthlyCharges,Manual outreach from CS team;Investigate billing; offer prorated bill or credit;Offer price lock or tiered discount,1
1289,0.996,nps;monthly_to_total_ratio;MonthlyCharges,Manual outreach from CS team;Investigate billing; offer prorated bill or credit;Offer price lock or tiered discount,1
1061,0.996,nps;monthly_to_total_ratio;PaperlessBilling_No,Manual outreach from CS team;Investigate billing; offer prorated bill or credit;Offer personalized retention package,1
685,0.996,nps;Contract_Month-to-month;StreamingTV_Yes,Manual outreach from CS team;Offer 6-month discount + convert to 1-year plan;Offer personalized retention package,1
265,0.996,nps;monthly_to_total_ratio;MonthlyCharges,Manual outreach from CS team;Investigate billing; offer prorated bill or credit;Offer price lock or tiered discount,1
